top_key,count
input_size_multiplier,155
h,33
loss,33
learning_rate,33
batch_size,33
max_steps,33
random_seed,33
scaler_type,28
windows_batch_size,19
hidden_size,16
n_series,9
encoder_hidden_size,6
decoder_hidden_size,6
inference_input_size_multiplier,5
dropout,5
context_size,5
n_head,4
n_heads,3
encoder_n_layers,3
ff_dim,2
n_block,2
num_layers,2
grid_size,1
d_model,1
encoder_n_blocks,1
decoder_output_dim,1
dilations,1
down_sampling_layers,1
encoder_dropout,1
conv_hidden_size,1
cell_type,1
d_core,1
d_ff,1
lstm_n_layers,1
lstm_hidden_size,1
lstm_dropout,1
jacobi_degree,1
n_layers,1
n_freq_downsample,1
moving_avg_window,1
multi_layer,1
layernorm,1
n_stacks,1
num_decoder_layers,1
n_pool_kernel_size,1
patch_len,1
num_encoder_layers,1
spline_order,1
revin,1
taylor_order,1
temporal_decoder_dim,1
temporal_width,1
wavelet_function,1
